{"paths":{},"types":[],"uuids":["fa/VvtoKdDmqOrs4+mUpzV","e56Hs2XjlD870d6eYhXDex","d8HsitJHxOYqo801xBk8ev","ecpdLyjvZBwrvm+cedCcQy","7aktFcyEhNgaF5fROZ5qE0","d1Wx0r7/BPy5XksLnJcUf9","dfUYy4tuFJwr8d5mOJGM05","9bvaMerUlDyary99mJa6xp","cc2Nz6D3BIbaS67vCdQKgG"],"scenes":{"db://assets/Scene/HomeScene.fire":0},"redirect":[3,0,4,1,5,1,6,1,8,1],"deps":["internal","resources"],"name":"main","importBase":"import","nativeBase":"native","debug":false,"isZip":false,"encrypted":true,"versions":{"import":[7,"95264",2,"7871f",1,"4e5ee",0,"dbe6c"],"native":[2,"cdbc9",1,"44f8f"]}}